,KW-Name,Brutto­leistungin MWel,Wärmeaus­kopplungin MWth,Energie­träger,Standort,Bun­des­land,Inbetrieb­nahme/Ertüchtigung,(geplante)Still­legung,Bemerkungen,Betreiber,Koordinaten
1,Heizkraftwerk Altbach/Deizisau[5],"1350 (davon 855 Steinkohle, 305 Erdgas und 190 Erdgas/Öl)",280,"Steinkohle: HKW 1, HKW 2Öl: GT A, GT B, GT C, Block 4Erdgas: GT A, GT B, GT C, GT E, Block 4",AltbachDeizisau,Baden-Württemberg Baden-Württemberg,Block 1: 1950Block 2: 1982Block 3: 1960Block 4: 1972 mitGT A: 1972HKW 1: 1985/2006HKW 2: 1997/2012 mitGT E: 1997GT B: 1974GT C: 1976,"Block 1: 1982Block 2: 1993Block 3: 1993Block 4: 2000? (Kaltreserve)2019!HKW 1: 2017 (Netzreserve)(HKW 2 mit GT E, GT A, GT B und GT C: untersagt bis 1 Jahr nach Beginn der Engpassbewirtschaftung Deutschland/Österreich (1. Oktober 2018)[6], längstens bis 31. März 2020[1])",Block 1: ? MW (Netto)Block 2: ? MW (Netto)Block 3: ? MW (Netto)Block 4: ca. 175 MW (Netto) mit GT A: 50 MW (Netto)HKW 1: 433 MW (Netto)HKW 2: 336 MW (Netto) mit GT E: 65 MW (Netto)GT B: 57 MW (Netto)GT C: 81 MW (Netto),EnBW Energie Baden-Württemberg AG,"!548.7170615509.367475548° 43′ 01,4″ N, 009° 22′ 02,9″ O48.7170611111119.367475"
2,Industriekraftwerk Amsdorf[7](Grubenheizkraftwerk),55,189,Braunkohle,Amsdorf,Sachsen-Anhalt Sachsen-Anhalt,1979,,45 MW (Netto)Eigenstrom- und Dampfversorgung der örtlichen Montanwachsfabrik und des angeschlossenen Tagebaus Amsdorf,ROMONTA GmbH,
14,Kraftwerk Bergkamen[14][15],780,20,Steinkohle,Bergkamen,Nordrhein-Westfalen Nordrhein-Westfalen,Block A: 1981,0!Block A: ?,Block A: 717 MW (Netto),Steag GmbH,"!551.6367115507.620569551° 38′ 12,2″ N, 007° 37′ 14,0″ O51.6367111111117.6205694444444"
24,Heizkraftwerk Berlin-Moabit[25],140 (davon ca. 105 Steinkohle und ca. 35 Mineralölprodukte),240,SteinkohleBiomasseMineralölprodukte,Berlin-Moabit,Berlin Berlin,Block A: 1969/1990GT 7: 1971,2030!(Block A: spätestens 2030 Steinkohle-Verfeuerung[26])GT 7: ?,Block A: 89 MW (Netto)GT 7: 34 MW (Netto),Vattenfall Europe Wärme AG,"!552.5375005513.345833552° 32′ 15,0″ N, 013° 20′ 45,0″ O52.537513.345833333333"
27,Heizkraftwerk Berlin-Schöneweide[16],10,36,Steinkohle,Berlin-Schöneweide,Berlin Berlin,Altanlage: 1963Neuanlage: 1992/2004,0!,10 MW (Netto),Blockheizkraftwerks- Träger und Betriebsgesellschaft mbH Berlin,
28,Heizkraftwerk Berlin-Reuter West[28],600,758(zuzüglich 120 (PtH und Erdgas) vom benachbarten ehemaligen Kraftwerk Reuter[29]; Wärmespeicher geplant[30]),Steinkohle,Berlin-Siemensstadt,Berlin Berlin,Block D: 1987Block E: 1988,2030!(Block D und E: spätestens 2030 Steinkohle-Verfeuerung[26]),Block D: 282 MW (Netto)Block E: 282 MW (Netto),Vattenfall Europe Wärme AG,"!552.5345695513.244533552° 32′ 04,4″ N, 013° 14′ 40,3″ O52.53456944444413.244533333333"
33,Industriekraftwerk Ville/Berrenrath[34],107,40,BraunkohleBiomasseKlärschlamm,Hürth-Knapsack / Berrenrath,Nordrhein-Westfalen Nordrhein-Westfalen,1917/91,0!,98 MW (Netto)Eingestromversorgung und Dampfversorgung des Kohleveredlungsbetriebes Ville/Berrenrath,RWE Power AG,"!550.8653335506.824111550° 51′ 55,2″ N, 006° 49′ 26,8″ O50.8653333333336.8241111111111"
34,Kraftwerk Bexbach[35],780,0,Steinkohle,Bexbach,Saarland Saarland,1983,2020!(untersagt bis 30.04.2020[1]),726 MW (Netto),Steag GmbH,"!549.3634755507.237050549° 21′ 48,5″ N, 007° 14′ 13,4″ O49.3634757.23705"
38,Kraftwerk Boxberg[38],2582,125,Braunkohle,Boxberg,Sachsen Sachsen,Block N: 1979/1993Block P: 1980/1994Block Q: 2000Block R: 2012,0!Block N: 2029 spätestens[39]Block P: 2029 spätestens[39]Block Q: 2038 spätestensBlock R: 2038 spätestens,Block N: 465 MW (Netto)Block P: 465 MW (Netto)Block Q: 857 MW (Netto)Block R: 640 MW (Netto),LEAG,"!551.4149865514.561600551° 24′ 54,0″ N, 014° 33′ 41,8″ O51.41498611111114.5616"
41,Heizkraftwerk Braunschweig-Mitte[41],155 (davon ca. 55 Steinkohle und ca. 100 Erdgas),386 (500 MWh Wärmespeicher),"Steinkohle: Block 1Schweröl: Block 1, Block 12Heizöl: GuDErdgas: Block 1, Block 12, GuD",Braunschweig,Niedersachsen Niedersachsen,Block 12: 1971Block 1: 1984GuD: 2010,2022!(Block 1: 2022 spätestens[42]),Block 12: 20 MW (Netto)Block 1: 43 MW (Netto)GuD: 74 MW (Netto)(Block 1 soll durch ein Gasturbinen-HKW mit ca. 20 MWel und ca. 60 MWth sowie durch ein Biomasse-HKW mit ca. 20 MWel und ca. 70 MWth ersetzt werden.[42]),Braunschweiger Versorgungs-AG & Co. KG,"!552.2787695510.514989552° 16′ 43,6″ N, 010° 30′ 54,0″ O52.27876944444410.514988888889"
44,Kraftwerk Bremen-Farge[43],397,26,SteinkohleKlärschlamm,Bremen-Farge,Bremen Bremen,Altwerk: 1924/26Block 1: 1969/2007,2024!Altwerk: 1980(Block 1: 2024[44]),Altwerk: ca. 12 MW (Netto)Block 1: 350 MW (Netto),Onyx Power Assets GmbH,"!553.2021255508.516100553° 12′ 07,7″ N, 008° 30′ 58,0″ O53.2021258.5161"
45,Kraftwerk Bremen-Hafen[45],337,39,Steinkohle,Bremen Industriehäfen,Bremen Bremen,Block 1: 1957Block 2: 1957Block 3: 1962Block 4: 1964Block 5: 1968Block 6: 1979/2013,2026!Block 1: stillgelegtBlock 2: stillgelegtBlock 3: stillgelegtBlock 4: stillgelegtBlock 5: 2016Block 6: 2020,Block 1: ?Block 2: ?Block 3: ?Block 4: ?Block 5: 127 MW (Netto)Block 6: 303 MW (Netto)Nutzt auch Dampf vom benachbarten Mittelkalorik-Kraftwerk Bremen,swb Erzeugung AG & Co. KG,"!553.1248725508.728642553° 07′ 29,5″ N, 008° 43′ 43,1″ O53.1248722222228.7286416666667"
46,Kraftwerk Bremen-Hastedt[45],130,150 (230 MWh Wärmespeicher),Erdgas: Block 14Steinkohle: Block 15,Bremen-Hastedt,Bremen Bremen,Block 14: 1972Block 15: 1989,0!Block 14: 2016Block 15: ?,Block 14: 155 MW (Netto)Block 15: 119 MW (Netto),swb Erzeugung AG & Co. KG,"!553.0597785508.873167553° 03′ 35,2″ N, 008° 52′ 23,4″ O53.0597777777788.8731666666667"
52,Kraftwerk Buschhaus[48],405,0,Braunkohle,Schöningen,Niedersachsen Niedersachsen,Block D: 1985,2020!(Block D: 01.10.2020[49]; seit dem 01.10.2016 in der Sicherheitsbereitschaft),Block D: 352 MW (Netto),Helmstedter Revier GmbH(Mitteldeutsche Braunkohlengesellschaft mbH),"!552.1717645510.977192552° 10′ 18,4″ N, 010° 58′ 37,9″ O52.17176388888910.977191666667"
53,Industriekraftwerk Marl[3],ca. 550,1213,"Steinkohle: KW I, KW IIErdgas: KW III, KW IVRückstände der Chemieproduktion: KW I, KW II",Marl,Nordrhein-Westfalen Nordrhein-Westfalen,KW I Dampfwirt-schaft: 1939KW I Block 4: 1971KW I Block 5: 1983KW II Block 3: 1966KW III Block 311: 1973/2003/2005KW III Block 312: 1974/2003/2005Kraftwerk IV: 2016(Block ?: 2022)(Block ?: 2022),0!(KW I Block 4: 2022[50])(KW I Block 5: 2022[50])KW II Block 3: 2017,KW I Dampfwirtschaft: 169 MW (Netto)KW I Block 4: 56 MW (Netto)KW I Block 5: 68 MW (Netto)KW II Block 3: 60 MW (Netto)Kraftwerk III Block 311: 61 MW (Netto)Kraftwerk III Block 312: 78 MW (Netto)Kraftwerk IV (GuD): 61 MW (Netto)(GuD mit zwei Blöcken zu je 90 MWel geplant[50])Eigenstrom- und Dampfversorgung des Chemieparks Marl,Evonik Degussa GmbH,"!551.6927785507.109167551° 41′ 34,0″ N, 007° 06′ 33,0″ O51.6927777777787.1091666666667"
54,Heizkraftwerk Chemnitz-Nord[51],167,390 (davon 305 aus KWK; ca. 700 MWh Wärmespeicher),"Braunkohle: Block B, Block CHeizöl / Erdgas: Block A",Chemnitz,Sachsen Sachsen,Block A: 1986Block B: 1988Block C: 1990/2010,2028!Block A: 2016 nach Havarie(Block B: 2022/29[52])(Block C: 2022/29),"Derzeit höchster Schornstein DeutschlandsBlock A: 57 MW (Netto)Block B: 57 MW (Netto)Block C: 91 MW (Netto)(Gasmotorenkraftwerk mit 80 MWel und 80 MWth in Planung, weiterhin wird ein Gasmotorenkraftwerk mit 50 MWel und 50 MWth am Standort Altchemnitz geplant, Inbetriebnahme für 2022 vorgesehen[53])",Stadtwerke Chemnitz,"!550.8577815512.923831550° 51′ 28,0″ N, 012° 55′ 25,8″ O50.85778055555612.923830555556"
56,Heizkraftwerk Cottbus[54],80,120 (davon 90 aus KWK; 300 MWh Wärmespeicher im Bau),Braunkohle,Cottbus,Brandenburg Brandenburg,1999,2022!(2022),"74 MW (Netto)weltweit erstes Braunkohlekraftwerk mit Druckwirbelschichtverbrennung(Umstellung auf Erdgas im Bau, dazu Erweiterung um ein Gasmotorenkraftwerk mit 50 MWel und 50 MWth[55])",HKW Heizkraftwerksgesellschaft Cottbus mbH,"!551.7609125514.370271551° 45′ 39,3″ N, 014° 22′ 13,0″ O51.76091214.370271"
59,Kraftwerk Datteln[57],1100!(1100) im Bau,380!(380) im Bau,Steinkohle,Datteln,Nordrhein-Westfalen Nordrhein-Westfalen,Block 1: 1964Block 2: 1965Block 3: 1969Block 4: 2020?[58],0!Block 1: 2014Block 2: 2014Block 3: 2014(Block 4: 2038 spätestens),"Block 1: 95 MW (Netto)Block 2: 95 MW (Netto)Block 3: 113 MW (Netto)(Block 4: 1052 MW (Netto),davon 413 MW Bahnstrom,seit 2007 im Bau, Bau zwischenzeitlich gerichtlich unterbrochen, Block läuft mittlerweile in Teillast)",Uniper Kraftwerke GmbH,"!551.6300445507.331314551° 37′ 48,2″ N, 007° 19′ 52,7″ O51.6300444444447.3313138888889"
61,Industriekraftwerk Deuben[60],86,100,Braunkohle,Deuben,Sachsen-Anhalt Sachsen-Anhalt,1936/1993,0!,67 MW (Netto)KWK-Anlage im Verbund mit einer Staub- und Brikettfabrik,Mitteldeutsche Braunkohlengesellschaft mbH,"51° 6' 42.271""  N, 012° 4' 35.702"" O"
72,Heizkraftwerk Sachtleben[3] (Heizkraftwerk Duisburg-Homberg),ca. 30,?,Braunkohle,Duisburg-Homberg,Nordrhein-Westfalen Nordrhein-Westfalen,1964,0!,28 MW (Netto)Eigenstrom- und Dampfversorgung der örtlichen Pigmentfabrik,Venator Germany GmbH,"51°26' 18,4"" N,  006°41' 53,2"" O"
73,Kraftwerk Duisburg-Walsum[68],1200,150(295 möglich),Steinkohle,Duisburg-Walsum,Nordrhein-Westfalen Nordrhein-Westfalen,Block 6: 1957Block 7: 1959Block 8: 1960Block 9: 1988Block 10: 2013,0!Block 6: 1988Block 7: 2014Block 8: 1988Block 9: ?Block 10: ?,Block 6: 60 MW (Netto)Block 7: 129 MW (Netto)Block 8: 129 MW (Netto)Block 9: 370 MW (Netto)Block 10: 725 MW (Netto),Block 9: Steag GmbHBlock 19: STEAG-EVN Walsum Kraftwerksgesellschaft mbH,"!551.5285585506.714594551° 31′ 42,8″ N, 006° 42′ 52,5″ O51.5285583333336.7145944444444"
75,Düren KANZAN Spezialpapiere GmbH / Getec AG,1,,Braunkohle,Düren,Nordrhein-Westfalen Nordrhein-Westfalen,2010,,0!,Getec-Gruppe,
78,Elsdorf,13,,Braunkohle,Elsdorf (Rheinland),Nordrhein-Westfalen Nordrhein-Westfalen,2000,0!,,Pfeifer & Langen GmbH & Co. KG,"50° 55'  54.7"" N, 006° 33' 49.0"" O"
83,Heizkraftwerk Erlangen[76],ca. 50 (davon ca. 30 Steinkohle und ca. 30 Erdgas),208,"Steinkohle: K6 DT2Erdgas: GuD 1, GuD 2Heizöl: K6 DT2",Erlangen,Bayern Bayern,K6 DT2: 1982GuD 1: 2005GuD 2: 2014,2021!(K6 GT2: 2021[77]),K6 GT2: 17 MW (Netto)GuD 1: 22 MW (Netto)GuD 2: 7 MW (Netto),Erlanger Stadtwerke AG,"!549.5937505510.999972549° 35′ 37,5″ N, 010° 59′ 59,9″ O49.5937510.999972222222"
84,Industriekraftwerk Euskirchen[3],ca. 18,?,Braunkohle,Euskirchen,Nordrhein-Westfalen Nordrhein-Westfalen,1998,0!,15 MW (Netto)Eigenstrom- und Dampfversorgung der örtlichen Zuckerfabrik,Pfeifer & Langen GmbH & Co. KG,"50° 39'  26.9"" N, 006° 48' 36.9"" O"
85,Heizkraftwerk Flensburg[78],206,291 (1100 MWh Wärmespeicher),"Steinkohle: K9, K10, K11Erdgas: K5/T7, K12, K13EBS (Müll): K9, K10, K11Biomasse: K9, K10, K11",Flensburg,Schleswig-Holstein Schleswig-Holstein,K5/T7: 1974/2016K7: 1978K8: 1982K9: 1985K10: 1988K11: 1992K12: 2016(K13: 2022),2022!K5/T7: ?K7: 2016K8: 2016(K9: 2022)(K10: 2022[79])K11: ?K12: ?K13: ?,"K5/T7: 29 MW (Netto)K7: 23 MW (Netto)K8: 35 MW (Netto)K9: 33 MW (Netto)K10: 33 MW (Netto)K11: 33 MW (Netto)K12 (GuD): 78 MW (Netto)K13: bis 2022 Neubau eines erdgasbetriebenen GuDs mit 70 MWel und 70 MWth, danach Stilllegung von zwei Kohlekesseln[79]",Stadtwerke Flensburg GmbH,"!554.8038065509.433167554° 48′ 13,7″ N, 009° 25′ 59,4″ O54.8038055555569.4331666666667"
87,Heizkraftwerk Frankfurt (Oder)[81],50,80(ca. 300 MWh Wärmespeicher im Bau),Braunkohle,Frankfurt (Oder),Brandenburg Brandenburg,1997,2022!(2022),45 MW (Netto)(Gasmotorenkraftwerk mit 50 MWel und ca. 50 MWth im Bau[82]),Stadtwerke Frankfurt (Oder) GmbH,"52° 19' 6.222""N, 014° 31' 52.928"" O"
91,Heizkraftwerk Frankfurt-West[83],273 (davon 139 Steinkohle und ca. 144 Erdgas),430,"Steinkohle: Blöcke 2, 3Erdgas: Blöcke 4, M4, M5",Frankfurt am Main,Hessen Hessen,Block 2: 1988Block 3: 1989Block 4: 1994Block M4: 1994?Block M5: 2018,2030!(Block 2: um 2025)(Block 3: um 2025)[84]Block 4: ?Block M4: 2016Block M5: ?,Block 2: 62 MW (Netto)Block 3: 62 MW (Netto)Block 4: 99 MW (Netto)Block M4: 20 MW (Netto)Block M5: 39 MW (Netto),Mainova AG,"!550.0983335508.653361550° 05′ 54,0″ N, 008° 39′ 12,1″ O50.0983333333338.6533611111111"
92,Heizkraftwerk Frankfurt-Fechenheim 1+2,20,?,Braunkohle,Frankfurt am Main,Hessen Hessen,2011,0!,Eigenstrom- und Dampfversorgung für den örtlichen Chemiepark,AlessaChemie GmbHGetec AG,
93,Heizkraftwerk Frankfurt-Griesheim,ca. 20,?,Braunkohle,Frankfurt am Main,Hessen Hessen,2016,0!2019? (die örtlichen Chemiebetriebe haben 2019 die Produktion eingestellt[85]),Eigenstrom- und Dampfversorgung für den örtlichen Chemiepark,WeylChem Griesheim GmbHGetec Heat&Power AG,
94,Industriekraftwerk Frechen/Wachtberg[86],201,251,Braunkohle,Frechen,Nordrhein-Westfalen Nordrhein-Westfalen,1959/1988,0!,176 MW (Netto)Eigenstrom- und Dampfversorgung für den Kohleveredlungsbetrieb Frechen ,RWE Power AG,
98,Kraftwerk Frimmersdorf[89],635,30,"Braunkohle,Papierschlamm",Grevenbroich-Frimmersdorf,Nordrhein-Westfalen Nordrhein-Westfalen,Block A: 1955Block B: 1955Block C: 1957Block D: 1957Block E: 1959Block F: 1960Block G: 1960Block H: 1961Block I: 1960Block K: 1962Block L: 1962Block M: 1962Block N: 1964Block O: 1964Block P: 1966/90Block Q: 1970/90,2021!Block A: 1988Block B: 1988Block C: 2011Block D: 2011Block E: 2012Block F: 2012Block G: 2011Block H: 2005Block I: 2012Block K: 2012Block L: 2012Block M: 2012Block N: 2012Block O: 2012(Block P: 01.10.2021[49]; seit 01.10.2017 in der Sicherheitsbereitschaft)(Block Q: wie Block P),Block A: 90 MW (Netto)Block B: 90 MW (Netto)Block C: 129 MW (Netto)Block D: 130 MW (Netto)Block E: 130 MW (Netto)Block F: 132 MW (Netto)Block G: 124 MW (Netto)Block H: 130 MW (Netto)Block I: 128 MW (Netto)Block K: 136 MW (Netto)Block L: 131 MW (Netto)Block M: 138 MW (Netto)Block N: 135 MW (Netto)Block O: 133 MW (Netto)Block P: 284 MW (Netto)Block Q: 278 MW (Netto),RWE Power AG,"!551.0544975506.575919551° 03′ 16,2″ N, 006° 34′ 33,3″ O51.0544972222226.5759194444444"
110,Kraftwerk Staudinger[96],1191 (davon 553 Kohle und 638 Erdgas),300,"Steinkohle: Blöcke 1, 2, 3, 5Erdgas: Block 4",Großkrotzenburg,Hessen Hessen,Block 1: 1965Block 2: 1965Block 3: 1970Block 4: 1977Block 5: 1992,"2019!Block 1: 2012/2013Block 2: 2012Block 3: 2012(Block 4: untersagt bis 1 Jahr nach Beginn der Engpassbewirtschaftung Deutschland/Österreich (1. Oktober 2018), längstens bis 4. Mai 2020[1])Block 5: ?",Block 1: 249 MW (Netto)Block 2: 249 MW (Netto)Block 3: 293 MW (Netto)Block 4: 572 MW (Netto)Block 5: 510 MW (Netto),Uniper Kraftwerke GmbH,"!550.0882675508.951658550° 05′ 17,8″ N, 008° 57′ 06,0″ O50.0882666666678.9516583333333"
112,Hainsberg Getec AG / Papierfabrik Hainsberg GmbH,1,5,Braunkohle,Hainsberg (Freital),Sachsen Sachsen,2011,0!,,Getec-Gruppe,
116,Kohlekraftwerk Hamburg-Moorburg[101],1654,240 (650 möglich),Steinkohle,Hamburg-Moorburg,Hamburg Hamburg,Block A: 2015Block B: 2015,0!Block A: ?Block B: ?,Block A: 800 MW (Netto)Block B: 800 MW (Netto)Umrüstung auf Gas geplant[102],Vattenfall Heizkraftwerk Moorburg GmbH,"!553.4881945509.949361553° 29′ 17,5″ N, 009° 56′ 57,7″ O53.4881944444449.9493611111111"
117,Kraftwerk Westfalen[103],820,0,Steinkohle,Hamm-Schmehausen,Nordrhein-Westfalen Nordrhein-Westfalen,Block A: 1963Block B: 1963Block C: 1969Block D: nicht fertiggestelltBlock E: 2014,0!Block A: 2014Block B: 2014Block C: 2016Block D: 2015Block E: ?,Block A: 152 MW (Netto)Block B: 152 MW (Netto)Block C: 284 MW (Netto)Block D: 765 MW (Netto)Block E: 764 MW (Netto),RWE Generation SE,"!551.6803065507.970194551° 40′ 49,1″ N, 007° 58′ 12,7″ O51.6803055555567.9701944444444"
122,Kohlekraftwerk Hannover-Stöcken[108](Gemeinschaftskraftwerk Hannover),300,425,Steinkohle,Hannover-Stöcken,Niedersachsen Niedersachsen,Block 1: 1989Block 2: 1989,0!,Block 1: 136 MW (Netto)Block 2: 136 MW (Netto),enercity AG /Volkswagen Kraftwerke GmbH,"!552.4202785509.647508552° 25′ 13,0″ N, 009° 38′ 51,0″ O52.4202777777789.6475083333333"
124,Kraftwerk Hausham[109],112,25,"Steinkohle: KohleblockHeizöl: GT 1, GT 2, GT 3, GT 4, Motor-HKW 1, Motor-HKW 2",Hausham,Bayern Bayern,Kohleblock: 1963GT 1: 1982GT 2: 1982GT 3: 1982GT 4: 1982Motor-HKW 1: 1987Motor-HKW 2: 1990,0!Kohleblock: 1983,Kohleblock: 37 MW (Netto)GT 1: 32 MW (Netto)GT 2: 32 MW (Netto)GT 3: 32 MW (Netto)GT 4: 32 MW (Netto)Motor-HKW 1: 6 MW (Netto)Motor-HKW 2: 6 MW (Netto),Peißenberger Kraftwerksgesellschaft mbH,
128,Heizkraftwerk Heilbronn[111],1050,390,SteinkohleKlärschlamm,Heilbronn,Baden-Württemberg Baden-Württemberg,Block 1: 1950-60Block 2: 1950-60Block 3: 1950-60Block 4: 1950-60Block 5: 1965/2010Block 6: 1966/2010Block 7: 1985/2009,"2019!Block 1: 1988Block 2: 1988Block 3: 2006Block 4: 2006Block 5: 2015 (Netzreserve)Block 6: 2015 (Netzreserve)(Block 7: untersagt bis 1 Jahr nach Beginn der Engpassbewirtschaftung Deutschland/Österreich (1. Oktober 2018)[6], längstens bis 31. März 2020[1])",Block 1: ca. 50 MW (Netto)Block 2: ca. 50 MW (Netto)Block 3: ca. 100 MW (Netto)Block 4: ca. 100 MW (Netto)Block 5: 125 MW (Netto)Block 6: 125 MW (Netto)Block 7: 778 MW (Netto),EnBW Energie Baden-Württemberg AG,"!549.1755315509.207553549° 10′ 31,9″ N, 009° 12′ 27,2″ O49.1755305555569.2075527777778"
134,Heizkraftwerk Herne[113],511,550,"Steinkohle: Blöcke 1, 2, 3, 4, 5Erdgas: Block 6",Herne,Nordrhein-Westfalen Nordrhein-Westfalen,Block 1: 1962/63Block 2: 1962/63Block 3: 1966Block 4: 1989/2013Block 5: nicht realisiert(Block 6: 2022),Block 1: 2000Block 2: 2013Block 3: 2017,Block 1: 133 MW (Netto)Block 2: 133 MW (Netto)Block 3: 280 MW (Netto)Block 4: 449 MW (Netto)Block 5: 800 MW (Netto)Block 6: GuD-Block mit ca. 600 MWel und 400 MWth im Bau[114],Steag GmbH,"!551.5506565507.187575551° 33′ 02,4″ N, 007° 11′ 15,3″ O51.5506555555567.187575"
135,Kraftwerk Heyden[115],923,0,Steinkohle,Petershagen,Nordrhein-Westfalen Nordrhein-Westfalen,Block 1: 1951Block 2: 1960Block 3: 1961Block 4: 1987,0!Block 1: 1979Block 2: 1982Block 3: 1982Block 4: ?,Block 1: ca. 120 MW (Netto)Block 2: ca. 100 MW (Netto)Block 3: ca. 100 MW (Netto)Block 4: 875 MW (Netto),Uniper Kraftwerke GmbH,"!552.3816085508.998667552° 22′ 53,8″ N, 008° 59′ 55,2″ O52.3816083333338.9986666666667"
137,Heizkraftwerk Industriepark Höchst[3],268 (davon 71 Steinkohle und 197 Erdgas),614,"Steinkohle: Block BErdgas: Block A, ADS-Anlage",Frankfurt am Main,Hessen Hessen,Block A: 2003Block B: 1989ADS-Anlage: 2011/2012,0!,Block A (GT): 86 MW (Netto)Block B: 66 MW (Netto)ADS-Anlage (2 GT): 97 MW (Netto)Abwärme der Gasturbinen wird zur Dampferzeugung für die Dampfturbine des Blocks B genutzt,Infraserv GmbH & Co. Höchst KG,"!550.0922225508.533333550° 05′ 32,0″ N, 008° 32′ 00,0″ O50.0922222222228.5333333333333"
140,Kraftwerk Ibbenbüren[118],838,20,SteinkohleTiermehlKlärschlamm,Ibbenbüren,Nordrhein-Westfalen Nordrhein-Westfalen,Block A: 1967Block B: 1985/2009,0!Block A: 1987Block B: ?,Block A: ca. 130 MW (Netto)Block B: 794 MW (Netto)größter Schmelzkammerkessel der Welt,RWE Generation SE,"!552.2858645507.745897552° 17′ 09,1″ N, 007° 44′ 45,2″ O52.2858638888897.7458972222222"
145,Kraftwerk Jänschwalde[122],3000,349 (458 möglich),Braunkohle,Teichland-Neuendorf,Brandenburg Brandenburg,Block A: 1981/1996Block B: 1982/1996Block C: 1984/1996Block D: 1985/1996Block E: 1987/1996Block F: 1989/1996,2019!Block A: 2025 (Sicherheitsbereitschaft)[39]Block B: 2027 (Sicherheitsbereitschaft)[39]Block C: 2028 spätestens[39] Block D: 2028 spätestens[39] Block E: 2018Block F: 2019,"Block A: 465 MW (Netto)Block B: 465 MW (Netto)Block C: 465 MW (Netto)Block D: 465 MW (Netto)Block E: 465 MW (Netto)Block F: 465 MW (Netto)Platz 4 – mit ~24,2 Mio. Jahrestonnen CO2 – auf der Liste der Kraftwerke mit dem höchsten CO2-Ausstoß in der EU.[2]",LEAG,"!551.8322425514.453025551° 49′ 56,1″ N, 014° 27′ 10,9″ O51.83224166666714.453025"
147,Industriekraftwerk Jülich[3],ca. 25,120,Braunkohle,Jülich,Nordrhein-Westfalen Nordrhein-Westfalen,2013,0!,23 MW (Netto)Eigenstrom- und Dampfversorgung der örtlichen Zuckerfabrik,Pfeifer & Langen GmbH & Co. KG,"50° 54'  53.8"" N, 006° 22' 19.9"" O"
151,Rheinhafen-Dampfkraftwerk Karlsruhe[128],2175 (davon 713 Erdgas und 1462 Steinkohle),440,"Steinkohle: Blöcke 1, 2, 3, 4, 7, 8Erdgas: Blöcke 4S, 5, 6",Karlsruhe,Baden-Württemberg Baden-Württemberg,Block 1: 1955Block 2: nach 1955Block 3: nach 1955Block 4: nach 1955Block 4S: 1998Block 5: nach 1955Block 6: nach 1955Block 7: 1985/2005Block 8: 2014,"0!Block 1: 1985Block 2: 1985Block 3: 1985Block 4: 1985Block 4S: untersagt bis 1 Jahr nach Beginn der Engpassbewirtschaftung Deutschland/Österreich (1. Oktober 2018)[6], längstens bis 31. März 2020[1]Block 5: 1993 (Kaltreserve)Block 6: 1993 (Kaltreserve)Block 7: ?Block 8: ?",Block 1: ? MW (Netto)Block 2: ? MW (Netto)Block 3: ? MW (Netto)Block 4: ? MW (Netto) Block 4S: 353 MW (Netto)Block 5: ca. 160 MW (Netto)Block 6: ca. 160 MW (Netto)Block 7: 517 MW (Netto)Block 8: 834 MW (Netto),EnBW Energie Baden-Württemberg AG,"!549.0114535508.303961549° 00′ 41,2″ N, 008° 18′ 14,3″ O49.0114527777788.3039611111111"
152,Kraftwerk Kassel[129],91 (davon 38 Braunkohle und 53 Erdgas),155 (davon 135 aus KWK),"FKK: Braunkohle, Steinkohle EBS (Petrolkoks und EBS biogenen Ursprungs)Kombi-HKW: Erdgas",Kassel,Hessen Hessen,FKK: 1989Kombi-HKW:GuD 1: 1988GuD 2: 2005,0!FKK: 2030[130],FKK: 34 MW (Netto)Kombi-HKWGuD 1: 14 MW (Netto)GuD 2: 36 MW (Netto),Städtische Werke Energie + Wärme GmbH,"!551.2791115509.484000551° 16′ 44,8″ N, 009° 29′ 02,4″ O51.2791111111119.484"
161,Heizkraftwerk Köln-Merkenich[3],213 (davon ca. 83 Braunkohle und ca. 130 Erdgas),248,"Schweröl: Blöcke 1, 2, 3, 4 (bis 1989), 5 (bis 1989)Braunkohle: Block 6Erdgas: Blöcke 4 (seit 1989), 5 (seit 1989), GuD",Köln-Merkenich,Nordrhein-Westfalen Nordrhein-Westfalen,Block 1: 1959Block 2: 1962Block 3: 1965Block 4: 1964/89Block 5: 1969/89GuD: 2004Block 6: 2010,0!Block 1: 1986Block 2: 1986Block 3: 1986Block 4: ?Block 5: 2004GuD: ?(Block 6: 2025[139]),Block 1: ca. 5 MW (Netto)Block 2: ca. 20 MW (Netto)Block 3: ca. 55 MW (Netto)Block 4: 16 MW (Netto)Block 5: ca. 95 MW (Netto)GuD: 108 MW (Netto)Block 6: 75 MW (Netto),RheinEnergie AG,"!551.0180645506.964483551° 01′ 05,0″ N, 006° 57′ 52,1″ O51.0180638888896.9644833333333"
163,Heizkraftwerk Könnern[3],29,150,Braunkohle,Könnern,Sachsen-Anhalt Sachsen-Anhalt,1993/2014,0!,20 MW (Netto)Eigenstrom- und Dampfversorgung der örtlichen Zuckerfabrik,Pfeifer & Langen GmbH & Co. KG,"51° 40'  34.2"" N, 011° 46' 06.7"" O"
164,Industriekraftwerk Krefeld-Uerdingen[3],ca. 145,460,SteinkohleErdgasProduktions­rückstände,Krefeld,Nordrhein-Westfalen Nordrhein-Westfalen,L 57: 1957N 230: 1971,0!,L 57: 26 MW (Netto)N 230: 110 MW (Netto)Eigenstrom- und Dampfversorgung für den Chempark Krefeld-UerdingenGuD-Kraftwerk mit max. 1200 MWel geplant[141],Currenta GmbH & Co. OHG,
174,Industriekraftwerk Leverkusen[3],137 (davon ca. 27 Erdgas und ca. 110 Steinkohle),711,Steinkohle: Block G 22Erdgas: Block X 50,Leverkusen,Nordrhein-Westfalen Nordrhein-Westfalen,G 22: 1962X 50: 1981,0!,G 22: 103 MW (Netto)X 50: 25 MW (Netto)Eigenstrom- und Dampfversorgung für den Chempark Leverkusen(GuD-Kraftwerk mit 570 MWel von der Steag GmbH geplant[150]),Currenta GmbH & Co. OHG,
177,Kraftwerk Lippendorf[152],1840,330(460 möglich),BraunkohleBiomasse (Klärschlamm),Neukieritzsch,Sachsen Sachsen,Block R: 1999Block S: 2000,0!Block R: 2035 spätestens[39]Block S: 2035 spätestens[39],"Block R: 875 MW (Netto)Block S: 875 MW (Netto)Platz 8 – mit ~11,9 Mio. Jahrestonnen CO2 – auf der Liste der Kraftwerke mit dem höchsten CO2-Ausstoß in der EU.[2]",Block R: EnBWBlock S: LEAG,"!551.1767695512.376372551° 10′ 36,4″ N, 012° 22′ 34,9″ O51.17676944444412.376372222222"
179,Trianel Kohlekraftwerk Lünen (Kraftwerk Lünen-Stummhafen)[154],820,35,Steinkohle,Lünen,Nordrhein-Westfalen Nordrhein-Westfalen,Block 1: 2013,0!Block 1: ?,Block 1: 735 MW (Netto),Trianel Kohlekraftwerk Lünen  GmbH & Co. KG,
183,Kraftwerke Mainz-Wiesbaden[159],767,160 (750 MWh Wärmespeicher),Erdgas (laufende Blöcke)Steinkohle (stillgelegte Blöcke),Mainz,Rheinland-Pfalz Rheinland-Pfalz,Block 1-1: 1958Block 1-2: 1963Block 1-3: 1966Block 2-1: 1976Block 3-1: 2000(KW 5: 2019),Block 1-1: 2000Block 1-2: 2000Block 1-3: 2000Block 2-1: 2011 (Netzreserve),Block 1-1: ca. 100 MW (Netto)Block 1-2: ca. 100 MW (Netto)Block 1-3: ca. 100 MW (Netto)Block 2-1: 335 MW (Netto)Block 3-1: 406 MW (Netto)nutzt auch Dampf von benachbarter Müllverbrennungsanlage[160](KW 5: Gasmotorenkraftwerk mit 100 MWel und 100 MWth im Bau[161]),Kraftwerke Mainz-Wiesbaden AG (KMW),"50° 1' 35.544""  N, 008° 14' 30.163"" O"
184,Großkraftwerk Mannheim (GKM)[162],2146,1500 (1500 MWh Wärmespeicher),Steinkohle,Mannheim,Baden-Württemberg Baden-Württemberg,Block 1: 1954Block 2: 1962Block 3: 1966Block 4: 1970 Block 5: 1973 Block 6: 1975/2005Block 7: 1982Block 8: 1993Block 9: 2015,0!Block 1: 1993Block 2: 1993Block 3: 2015Block 4: 2015Block 5: 2000Block 6: ?Block 7: ?Block 8: ?Block 9: ?,Block 1: ca. 200 MW (Netto)Block 2: ca. 200 MW (Netto)Block 3: 203 MW (Netto)Block 4: 203 MW (Netto) Block 5: 203 MW (Netto)Block 6: 255 MW (Netto)Block 7: 425 MW (Netto)Block 8: 435 MW (Netto)Block 9: 843 MW (Netto)(davon insgesamt 310 MW Bahnstrom),"Großkraftwerk Mannheim AG(EnBW Energie Baden-Württemberg AG,  MVV Energie AG)","!549.4444445508.498056549° 26′ 40,0″ N, 008° 29′ 53,0″ O49.4444444444448.4980555555556"
187,Kraftwerk Mehrum[163],750,0,SteinkohleKlärschlamm,Hohenhameln,Niedersachsen Niedersachsen,Block 3: 1979/2003,2020!(Block 3: 2021?[164]),Block 3: 690 MW (Netto),KWM-GmbH(EPH),"!552.3150445510.093792552° 18′ 54,2″ N, 010° 05′ 37,7″ O52.31504444444410.093791666667"
192,Heizkraftwerk München-Nord[165],414 (davon 365 Steinkohle und 49 Müll),900 (davon 722 aus KWK),"Steinkohle: Block 2Erdgas: Block 2Klärschlamm: Block 2EBS (Müll): Blöcke 1, 3",Unterföhring,Bayern Bayern,Block 1: 1991Block 2: 1991Block 3: 1984,"2022!Block 1: ?(Block 2: 2022 spätestens nach Bürgerbegehren[166]; ursprünglich spätestens 2035, nach aktueller Planung spätestens 2028[167]) Block 3: ?",Block 1: 18 MW (Netto)Block 2: 333 MW (Netto)Block 3: 22 MW (Netto),Stadtwerke München Services GmbH,"!548.1812335511.639822548° 10′ 52,4″ N, 011° 38′ 23,4″ O48.18123333333311.639822222222"
196,Heizkraftwerk Neumünster NMS[171],73,?,SteinkohleEBS (u. a. Müll),Neumünster,Schleswig-Holstein Schleswig-Holstein,1974,0!,54 MW (Netto),Stadtwerke Neumünster GmbH,
197,Kraftwerk Neurath[172],4465,9(Nutzung zur Heizung eines nahegelegenen Gewächshauses[173]),Braunkohle,Grevenbroich,Nordrhein-Westfalen Nordrhein-Westfalen,Block A: 1972Block B: 1972Block C: 1973Block D: 1975Block E: 1976Block F (BoA 2): 2012Block G (BoA 3): 2012,2019!(Block A: 31.12.2021)(Block B: 31.12.2021)Block C: 2019(Block D: 31.12.2022)(Block E: 31.12.2022)(Block F (BoA 2): 2038 spätestens[39])(Block G (BoA 3): 2038 spätestens[39]),"Block A: 294 MW (Netto)Block B: 294 MW (Netto)Block C: 292 MW (Netto)Block D: 607 MW (Netto)Block E: 604 MW (Netto)Block F (BoA 2): 1060 MW (Netto)Block G (BoA 3): 1060 MW (Netto)Platz 2 – mit ~32,4 Mio. Jahrestonnen CO2 – auf der Liste der Kraftwerke mit dem höchsten CO2-Ausstoß in der EU.[2]",RWE Power AG,"!551.0378195506.611881551° 02′ 16,1″ N, 006° 36′ 42,8″ O51.0378194444446.6118805555556"
199,Kraftwerk Niederaußem[174],3641,0,Braunkohle,Bergheim-Niederaußem,Nordrhein-Westfalen Nordrhein-Westfalen,Block A: 1963Block B: 1963Block C: 1965Block D: 1968Block E: 1970Block F: 1971Block G: 1974/2008Block H: 1974/2008Block K (BoA 1): 2002,0!Block A: 2012 (Kaltreserve)Block B: 2012 (Kaltreserve)(Block C: 31.12.2021)(Block D: 31.12.2020)Block E: 2018Block F: 2018(Block G: 2029 spätestens[39])(Block H: 2029 (Sicherheitsbereitschaft)[39])(Block K (BoA 1): 2038 spätestens[39]),"Block A: 125 MW (Netto)Block B: 125 MW (Netto)Block C: 295 MW (Netto)Block D: 297 MW (Netto)Block E: 295 MW (Netto)Block F: 299 MW (Netto)Block G: 628 MW (Netto)Block H: 648 MW (Netto)Block K (BoA 1): 994 MW (Netto)Block L mit 1100 MWel geplant[175], Planung mittlerweile eingestellt[176]Platz 3 – mit ~27,2 Mio. Jahrestonnen CO2 – auf der Liste der Kraftwerke mit dem höchsten CO2-Ausstoß in der EU.[2]",RWE Power AG,"!550.9960865506.671331550° 59′ 45,9″ N, 006° 40′ 16,8″ O50.9960861111116.6713305555556"
200,Kraftwerk Nordstemmen[3],ca. 35,?,"Erdgas, Steinkohle",Nordstemmen,Niedersachsen Niedersachsen,1953,,31 MW (Netto)Eigenstrom- und Dampfversorgung der örtlichen Zuckerfabrik,"Nordzucker AG, Werk Nordstemmen",
206,Industriekraftwerk Oberkirch[3],ca. 20,?,Steinkohle,Oberkirch,Baden-Württemberg Baden-Württemberg,1986,,19 MW (Netto)Eigenstrom- und Dampfversorgung der örtlichen Papierfabrik,Koehler SE,
208,Heizkraftwerk Offenbach[180],60,100 (350 MWh Wärmespeicher),SteinkohleBiomasse,Offenbach,Hessen Hessen,1990,0!,54 MW (Netto),Energieversorgung Offenbach AG,
210,Heizkraftwerk Osnabrück[3],ca. 20,?,"Braunkohle, Steinkohle, EBS",Osnabrück,Niedersachsen Niedersachsen,Turbine 4: 1962Turbine 5: 1972,,Turbine 4: 10 MW (Netto)Turbine 5: 10 MW (Netto)Eigenstrom- und Dampfversorgung der örtlichen Papierfabrik,Kämmerer Energie GmbH,
211,Heizkraftwerk Pforzheim[181],105,182 (davon 127 aus KWK),"Steinkohle: WirbelschichtblockErdgas: Kombiblock, GaskesselanlagenEBS: WirbelschichtblockBiomasse: Biomasseblock",Pforzheim,Baden-Württemberg Baden-Württemberg,Gaskesselanlage 1: 1965Gaskesselanlage 2: 1969Kombiblock/GuD: 1980Wirbelschichtblock: 1990Biomasseblock: 2004BHKW: 2017,2023!Gaskesselanlage 2: 2016(Kombiblock GuD: 2023)(Wirbelschichtblock: 2023)(Kohleverbrennung: 2021[182]),Gaskesselanlage 1: ca. 15 MW (Netto)Gaskesselanlage 2: 11 MW (Netto)Kombiblock GuD: 41 MW (Netto)Wirbelschichtblock: 27 MW (Netto)Biomasseblock: 12 MW (Netto)BHKW: 2 MW (Netto)(Gasmotorenkraftwerk mit 50 MWel und 47 MWth im Bau[183]),Heizkraftwerk Pforzheim GmbH,
217,Industriekraftwerk Rheinberg[3],133,?,SteinkohleErdgas,Rheinberg,Nordrhein-Westfalen Nordrhein-Westfalen,1975,0!,79 MW (Netto)Eigenstrom- und Dampfversorgung für den örtlichen Chemiepark(Holzkraftwerk mit 15 MWel und ca. 70 MWth geplant[187]),Solvay Chemicals GmbH,
219,Kraftwerk Römerbrücke[188],133 (davon 56 Kohle und 77 Erdgas),235,SteinkohleErdgas,Saarbrücken,Saarland Saarland,Kohleblock: 1964/89GuD-Block: 1967/74/75/2005/11(GAMOR: 2022),0!(Kohleblock: 2022[189]),Kohleblock: 50 MW (Netto)GuD-Block: 75 MW (Netto)(Gasmotorenkraftwerk mit 50 MWel und 50 MWth sowie Fernwärmespeicher im Bau[189]),Electrabel Saarland GmbH,"!549.2236115507.015000549° 13′ 25,0″ N, 007° 00′ 54,0″ O49.2236111111117.015"
222,Kraftwerk Rostock[190],553,150(300 möglich),Steinkohle,Rostock,Mecklenburg-Vorpommern Mecklenburg-Vorpommern,Block 1: 1994,0!Block 1: 2038 spätestens,Block 1: 514 MW (Netto),KNG Kraftwerks- und Netzgesellschaft mbH,"!554.1428445512.132950554° 08′ 34,2″ N, 012° 07′ 58,6″ O54.14284444444412.13295"
,,,,,,,,,,,
,,,,,,,,,,,
,,,,,,,,,,,
,,,,,,,,,,,
,,,,,,,,,,,
,,,,,,,,,,,
,,,,,,,,,,,
230,Werkskraftwerk Sappi Stockstadt[3],ca. 45 (davon ca. 30 Steinkohle und ca. 15 Biomasse),?,Steinkohle: SteinkohleblockBiomasse: Biomasseblock,Stockstadt,Bayern Bayern,Steinkohleblock: 1970Biomasseblock: 2003,,Steinkohleblock: 25 MW (Netto)Biomasseblock: 14 MM (Netto)Eigenstrom- und Dampfversorgung der örtlichen Spezialpapier-Fabrik,Sappi Stockstadt GmbH,
231,Schönfelder Papierfabrik GmbH / Getec AG,1,,Braunkohle,Schönfeld (Landkreis Meißen),Sachsen Sachsen,2007,0!,,Getec-Gruppe,
232,Kraftwerk Schkopau[197],1100,200,Braunkohle,Schkopau,Sachsen-Anhalt Sachsen-Anhalt,Block A: 1996Block B: 1996,2035!(Block A: 2035[198])(Block B: 2035[198]),Block A: 450 MW (Netto)Block B: 450 MW (Netto)davon insgesamt 110 MW (Netto) Bahnstrom,Uniper Kraftwerke GmbH,"!551.3984565511.950325551° 23′ 54,4″ N, 011° 57′ 01,2″ O51.39845555555611.950325"
233,Kraftwerk Scholven[199],828,250,"Steinkohle: Blöcke B, C, D, E, F, FKW BuerÖl (Schweröl): Blöcke G, HPetrolkoks: Blöcke B, C, FKW Buer",Gelsenkirchen,Nordrhein-Westfalen Nordrhein-Westfalen,Block B: 1968Block C: 1969Block D: 1970Block E: 1971Block F: 1979Block FWK Buer: 1985Block G: 1974Block H: 1975(GuD: 2022),(Block B: 2022)(Block C: 2022)Block D: 2014Block E: 2014Block F: 2014(Block FWK Buer: 2022)Block G: 2001Block H: 2003,"Block B: 345 MW (Netto)Block C: 345 MW (Netto)Block D: 345 MW (Netto)Block E: 345 MW (Netto)Block F: 676 MW (Netto)Block FWK Buer: 70 MW (Netto)Block G: 640 MW (Netto)Block H: 640 MW (Netto)(GuD-Kraftwerk mit 130 MWel im Bau, Inbetriebnahme für 2022 vorgesehen)",Uniper Kraftwerke GmbH,"!551.6035675507.002067551° 36′ 12,8″ N, 007° 00′ 07,4″ O51.6035666666677.0020666666667"
,,,,,,,,,,,
,,,,,,,,,,,
,,,,,,,,,,,
237,Kraftwerk Schwarze Pumpe[202],1600,120,Braunkohle,Spremberg(Industriepark Schwarze Pumpe),Brandenburg Brandenburg,Block A: 1997Block B: 1998,0!Block A: 2038 spätestensBlock B: 2038 spätestens,"Block A: 750 MW (Netto)Block B: 750 MW (Netto)Platz 10 – mit ~11,6 Mio. Jahrestonnen CO2 – auf der Liste der Kraftwerke mit dem höchsten CO2-Ausstoß in der EU.[2]",LEAG,"!551.5358145514.354753551° 32′ 08,9″ N, 014° 21′ 17,1″ O51.53581388888914.354752777778"
,,,,,,,,,,,
239,GKS Gemeinschaftskraftwerk Schweinfurt[203],29,60,SteinkohleKlärschlammEBS (Hausmüll),Schweinfurt,Bayern Bayern,1990,0!,24 MW (Netto),Gemeinschaftskraftwerk Schweinfurt GmbH,"!550.0300865510.223606550° 01′ 48,3″ N, 010° 13′ 25,0″ O50.03008611111110.223605555556"
,,,,,,,,,,,
,,,,,,,,,,,
,,,,,,,,,,,
,,,,,,,,,,,
,,,,,,,,,,,
,,,,,,,,,,,
,,,,,,,,,,,
,,,,,,,,,,,
,,,,,,,,,,,
,,,,,,,,,,,
,,,,,,,,,,,
251,Heizkraftwerk Stuttgart-Gaisburg[209],30,205 (davon 30 aus KWK; 300 MWh Wärmespeicher),"Steinkohle: DT 14Erdgas: HKW 3, GT 13Heizöl: HKW 3",Stuttgart-Gaisburg,Baden-Württemberg Baden-Württemberg,GT 13: 1973DT 14: 2009HKW 3: 2018,0!GT 13: 2014DT 14: 2018HWK 3: ?,GT 13: 55 MW (Netto)DT 14: 23 MW (Netto)HKW 3: 29 MW (Netto),EnBW Energie Baden-Württemberg AG,"!548.7822475509.231336548° 46′ 56,1″ N, 009° 13′ 52,8″ O48.7822472222229.2313361111111"
252,Heizkraftwerk Stuttgart-Münster[210],190,447,"Steinkohle: DT 12, DT 15, DT 19EBS (Müll): DT 12, DT 15; DT 19Mineralölprodukte: GT 16, GT 17, GT 18",Stuttgart-Münster,Baden-Württemberg Baden-Württemberg,GT 16: 1974GT 17: 1974GT 18: 1974DT 12: 1982DT 15: 1984DT 19: 2009,0!,GT 16: 23 MW (Netto)GT 17: 23 MW (Netto)GT 18: 23 MW (Netto)DT 12: 45 MW (Netto)DT 15: 45 MW (Netto)DT 19: 20 MW (Netto),EnBW Energie Baden-Württemberg AG,"!548.8153645509.219742548° 48′ 55,3″ N, 009° 13′ 11,1″ O48.8153638888899.2197416666667"
,,,,,,,,,,,
254,Nürnberg-Teisnach[212],2.1,20.4,Braunkohle-Staub,Teisnach,Bayern Bayern,2004,0!,? MW (Netto)Eigenstrom- und Dampfversorgung der örtlichen Spezialpapier-Fabrik,Pfleiderer Teisnach GmbH & Co. KG / Getec AG,
,,,,,,,,,,,
256,Heizkraftwerk Tiefstack[214],347(davon 205 Kohle und 142 Erdgas),955,SteinkohleErdgas,Hamburg,Hamburg Hamburg,Kohleblock: 1993GuD-Block: 2009,0!Kohleblock: 2030[215],Kohleblock: 194 MW (Netto)GuD-Block: 127 MW (Netto),Vattenfall Hamburg Wärme GmbH,"!553.5266395510.064194553° 31′ 35,9″ N, 010° 03′ 51,1″ O53.52663888888910.064194444444"
,,,,,,,,,,,
,,,,,,,,,,,
259,Heizkraftwerk Ulm Magirusstraße[217],36 (davon 21 Kohle und 15 Biomasse),278,Steinkohle: HKWErdgas: HKWHeizöl: HKWBiomasse: Bio-HKWs,Ulm-Söflingen,Baden-Württemberg Baden-Württemberg,HKW: 1992Bio-HKW I: 2004Bio-HKW II: 2012,0!,HKW: 18 MW (Netto)Bio-HKW I: 9 MW (Netto)Bio-HKW II: 5 MW (Netto),FUG Fernwärme Ulm GmbH,"!548.3968335509.965917548° 23′ 48,6″ N, 009° 57′ 57,3″ O48.3968333333339.9659166666667"
260,Heizkraftwerk Uelzen[3],47,?,"Steinkohle, Erdgas, Biogas",Uelzen,Niedersachsen Niedersachsen,1965/1969,0!,40 MW (Netto)Eigenstrom- und Dampfversorgung der örtlichen Zuckerfabrik,"Nordzucker AG, Werk Uelzen","52° 58' 40.5""  N, 010° 33' 25.2"" O"
,,,,,,,,,,,
,,,,,,,,,,,
263,Kraftwerk Völklingen/Fenne[219],508 (davon 466 Kohle und 42 Grubengas),437,SteinkohleGrubengas,Völklingen,Saarland Saarland,Fenne I: 1924Fenne II: 1962Fenne III: 1967MKV: 1982HKV: 1989Grubengaskraftwerk: 2003,Fenne I: 1971Fenne II: 1989Fenne III: 1996,Fenne I: ca. 50 MW (Netto)Fenne II: ca. 140 MW (Netto)Fenne III: ca. 155 MW (Netto)MKV: 179 MW (Netto)HKV: 211 MW (Netto)Grubengaskraftwerk: 42 MW (Netto),Steag GmbH,"!549.2495785506.881444549° 14′ 58,5″ N, 006° 52′ 53,2″ O49.2495777777786.8814444444444"
264,Kraftwerk Wählitz[220],37,40,Braunkohle,Hohenmölsen,Sachsen-Anhalt Sachsen-Anhalt,1994,0!,31 MW (Netto),Mitteldeutsche Braunkohlengesellschaft mbH,"51° 10' 0.646 N, 012° 4' 34.068"" O"
265,Kraftwerk Walheim[111],410(davon 143 Heizöl und 267 Steinkohle),0,"Steinkohle: Blöcke 1, 2Öl (Heizöl): GT D",Walheim,Baden-Württemberg Baden-Württemberg,Block 1: 1964/1989/2011Block 2: 1967/1989/2011GT D: 1981,"2019!Block 1: von 2000 bis 2005 in Kaltreserve; untersagt bis 1 Jahr nach Beginn der Engpassbewirtschaftung Deutschland/Österreich (1. Oktober 2018)[6], längstens bis 31. März 2020[1]Block 2: analog",Block 1: 96 MW (Netto)Block 2 148 MW (Netto)GT D: 136 MW (Netto),EnBW Energie Baden-Württemberg AG,"!549.0184395509.157331549° 01′ 06,4″ N, 009° 09′ 26,4″ O49.0184388888899.1573305555556"
,,,,,,,,,,,
267,Heizkraftwerk Wedel[221],392(davon 290 Steinkohle und 102 Heizöl),423,"Steinkohle: Blöcke 1, 2Öl (Heizöl): GT A, B",Wedel,Schleswig-Holstein Schleswig-Holstein,Block 1: 1961/1993Block 2: 1962/1993GT A: 1972GT B: 1972,2022!(2024[222]),Block 1: 137 MW (Netto)Block 2: 123 MW (Netto)GT A: 51 MW (Netto)GT B: 51 MW (Netto),Steinkohleblöcke: Vattenfall Europe Wärme AGGasturbinen: Vattenfall Hamburg Wärme GmbH,"!553.5664585509.725594553° 33′ 59,2″ N, 009° 43′ 32,1″ O53.5664583333339.7255944444444"
,,,,,,,,,,,
269,Kraftwerk Weiher[223],724,30,Steinkohle,Quierschied,Saarland Saarland,Block I: 1943/44Block II: 1963/64Block III: 1976/2006,Block I: 1973Block II: 1999/2001(Block III: untersagt bis 30.04.2020[1]),Block I: ca. 100 MW (Netto)Block II: ca. 275 MW (Netto)Block III: 656 MW (Netto),Steag GmbH,"!549.3347865507.035514549° 20′ 05,2″ N, 007° 02′ 07,9″ O49.3347861111117.0355138888889"
,,,,,,,,,,,
271,Kraftwerk Weisweiler[224],"2698 (davon 2119 Braunkohle, 544 Gas und 35 Müll)",183,"Braunkohle: Blöcke A, B, C, D, E, F, G, HKlärschlamm: Blöcke E, FErdgas: Blöcke VGT G, VGT H",Eschweiler,Nordrhein-Westfalen Nordrhein-Westfalen,Block A: 1955Block B: 1955Block C: 1955Block D: 1959Block E: 1965Block F: 1967Block G: 1974Block H: 1975Block VGT G: 2006Block VGT H: 2006Müllverbrennungs-anlage auf dem Gelände: 1996,2030!Block A: vor 2010Block B: vor 2010Block C: 2012Block D: 2012(Block E: um 2030[225])Block F: 2025 spätestens[39]Block G: 2028 spätestens[39]Block H: 2029 spätestens[39](Block VGT G: um 2030)(Block VGT H: um 2030),"Block A: ca. 90 MW (Netto)Block B: ca. 90 MW (Netto)Block C: 123 MW (Netto)Block D: 135 MW (Netto)Block E: 321 MW (Netto)Block F: 321 MW (Netto)Block G: 590 MW (Netto), mit VGT 663 MW (Netto)Block H: 590 MW (Netto), mit VGT 656 MW (Netto)Block VGT G: 200 MW (Netto)Block VGT H: 200 MW (Netto)MVA: 27 MW (Netto)Platz 5 - mit ~16,9 Mio. Jahrestonnen CO2 - auf der Liste der Kraftwerke mit dem höchsten CO2-Ausstoß in der EU.[2]",RWE Power AG,"!550.8392065506.323856550° 50′ 21,1″ N, 006° 19′ 25,9″ O50.8392055555566.3238555555556"
272,Kraftwerk Werdohl-Elverlingsen[3],220,0,"Steinkohle: Blöcke E3, E4Heizöl: Blöcke E1, E2",Werdohl,Nordrhein-Westfalen Nordrhein-Westfalen,Block E1: 1975Block E2: 1975Block E3: 1971Block E4: 1982,0!Block E1: 2017 (Kaltreserve)Block E2: 2017 (Kaltreserve)Block E3: 2014Block E4: 2018,Block E1: 103 MW (Netto)Block E2: 103 MW (Netto)Block E3: 186 MW (Netto)Block E4: 310 MW (Netto),Mark-E AG,
273,Gersteinwerk[226],1393,0,"Steinkohle: Block K2Erdgas: Blöcke F1, F2, G1, G2, H1, H2, I1, I2, K1",Werne,Nordrhein-Westfalen Nordrhein-Westfalen,VGT F1: 1973DT F2: 1973VGT G1: 1973DT G2: 1973VGT H1: 1973DT H2: 1973VGT I1: 1973DT I2: 1973VGT K1: 1984DT K2: 1984,2021!(VGT F1: 2021[227])(DT F2: 2021[227])(VGT G1: 2021[227])(DT G2: 2021[227])VGT H1: 2018DT H2: vor 2010VGT I1: ?DT I2: 2012 (Kaltreserve)VGT K1: ?DT K2: 2019,VGT F1: 55 MW (Netto)DT F2: 355 MW (Netto)VGT G1: 55 MW (Netto)DT G2: 355 MW (Netto)VGT H1: 55 MW (Netto)DT H2: 355 MW (Netto)VGT I1: 55 MW (Netto)DT I2: 355 MW (Netto)VGT K1: 112 MW (Netto)DT K2: 614 MW (Netto)Gas-Block L mit max. 1300 MW in Planung[228],RWE Generation SE,"!551.6735535507.720633551° 40′ 24,8″ N, 007° 43′ 14,3″ O51.6735527777787.7206333333333"
,,,,,,,,,,,
,,,,,,,,,,,
276,Kraftwerk Wilhelmshaven (Uniper)[8],844 (davon 788 Steinkohle und 56 Heizöl),0,Steinkohle: Block 1Heizöl: GT,Wilhelmshaven,Niedersachsen Niedersachsen,Block 1: 1976/98GT: 1973,2021!(Block 1: 2021?[229])GT: ?,Block 1: 757 MW (Netto)GT: 56 MW (Netto)von hier wird das Luftspeicher-Gasturbinen-Kraftwerk Huntorf ferngesteuert.,Uniper Kraftwerke GmbH,"!553.5645565508.146389553° 33′ 52,4″ N, 008° 08′ 47,0″ O53.5645555555568.1463888888889"
277,Kraftwerk Wilhelmshaven (Engie)[3],830,0,Steinkohle,Wilhelmshaven,Niedersachsen Niedersachsen,Block 1: 2015,0!Block 1: ?,Block 1: 731 MW (Netto),Onyx Power Assets GmbH,"!553.5658145508.146239553° 33′ 56,9″ N, 008° 08′ 46,5″ O53.5658138888898.1462388888889"
,,,,,,,,,,,
,,,,,,,,,,,
,,,,,,,,,,,
281,Heizkraftwerk Wolfsburg Nord[12],140,755,"SteinkohleÖl/ErdgasEBS (Altöl, Lackgranulate)",Wolfsburg,Niedersachsen Niedersachsen,Block A: 1959/2000Block B: 1959/2000,2021!(Block A: 2021/2022)(Block B: 2021/2022),"Block A: 62 MW (Netto)Block B: 62 MW (Netto)Eigenstrom- und Prozesswärme/-kälte- sowie Druckluftversorgung für das VW-Werk und die Autostadt, Fernwärmeauskopplung für die Stadt Wolfsburg, Steinkohleblöcke sollen durch ein GuD-Kraftwerk mit 136 MWel und 386 MWth ersetzt werden[231]",Volkswagen Kraftwerk GmbH,"!552.4325005510.786944552° 25′ 57,0″ N, 010° 47′ 13,0″ O52.432510.786944444444"
282,Heizkraftwerk Wolfsburg West[12],306,160,Steinkohle,Wolfsburg,Niedersachsen Niedersachsen,Block 1: 1985Block 2: 1985,2021!(Block 1: 2021/2022)(Block 2: 2021/2022),Block 1: 139 MW (Netto)Block 2: 139 MW (Netto)Steinkohleblöcke sollen durch ein GuD-Kraftwerk mit 288 MWel und 265 MWth ersetzt werden[231],Volkswagen Kraftwerk GmbH,"!552.4419445510.764167552° 26′ 31,0″ N, 010° 45′ 51,0″ O52.44194444444410.764166666667"
,,,,,,,,,,,
,,,,,,,,,,,
,,,,,,,,,,,
,,,,,,,,,,,
,,,,,,,,,,,
288,Kraftwerk Zeitz[3],70 (davon 45 Braunkohle und 25 Erdgas),?,Braunkohle: Blöcke 1 und 2Erdgas: Block 3,Zeitz,Sachsen-Anhalt Sachsen-Anhalt,Block 1: 1993Block 2: 1993Block 3: 2005,0!,Block 1: 23 MW (Netto)Block 2: 18 MW (Netto)Block 3: 23 MW (Netto)Eigenstrom- und Dampfversorgung der örtlichen Zucker- und Ethanolfabrik,Block 1 und 3: Südzucker AGBlock 2: CropEnergies Bioethanol GmbH Zeitz,"51° 03' 07.1""  N, 012° 06' 37.9"" O"
,,,,,,,,,,,
290,Kraftwerk Zolling[235],"572 (davon 501 Steinkohle, 21 Biomasse und 50 Heizöl)",180(400 MWh Wärmespeicher),"Steinkohle: Blöcke 1, 2, 3, 4, 5Klärschlamm: Block 5 (geplant)Öl (Heizöl): GT 1, 2 Biomasse: Block 6 ",Zolling,Bayern Bayern,Block 1: 1958Block 2: 1961Block 3: 1964Block 4: 1966Block 5: 1986/2011Block 6: 2003GT 1: 1976GT 2: 1976,0!Block 1: 1982Block 2: 1984Block 3: 1987Block 4: 1987,Block 1: 38 MW (Netto)Block 2: 47 MW (Netto)Block 3: 71 MW (Netto)Block 4: 97 MW (Netto)Block 5: 472 MW (Netto)Block 6: 18 MW (Netto)GT 1: 23 MW (Netto)GT 2: 23 MW (Netto)über Gasturbine schwarzstartfähig,Onyx Power Assets GmbH,"!548.4552925511.799514548° 27′ 19,1″ N, 011° 47′ 58,3″ O48.45529166666711.799513888889"
